variables,clauses,fitness,duration
100,100,3757,1.913895617
100,100,3486,2.005181916
